Name,IC1,IC2,IC3,IC4,IC5,IC6,IC7,IC8,IC9,IC10
Image1,4,13,24,3,1,37,6,219,1,2
Image2,1,15,92,36,1,60,26,74,1,4
Image3,1,2,1,2,1,213,1,1,1,87
Image4,16,1,6,19,102,49,1,86,1,29
Image5,31,2,34,21,1,51,13,98,3,56
Image6,17,20,2,29,1,112,18,88,3,20
Image7,4,12,4,17,127,29,4,54,1,58
Image8,12,1,65,1,25,2,1,201,1,1
Image9,18,9,87,1,30,14,16,133,1,1
Image10,1,6,33,1,20,99,1,147,1,1
Image11,1,2,78,1,65,100,1,60,1,1
Image12,1,2,39,1,56,79,1,129,1,1
Image13,3,2,8,1,146,3,8,19,1,119
Image14,5,11,110,16,6,1,7,152,1,1
Image15,3,25,105,48,13,16,4,58,1,37
Image16,37,11,70,31,23,30,18,60,1,29
Image17,14,1,32,1,85,1,59,115,1,1
Image18,24,25,5,11,128,40,17,50,1,9
Image19,39,10,4,54,83,8,5,47,7,53
Image20,17,1,1,16,141,15,1,73,1,44
Image21,1,21,100,15,2,37,13,100,1,20
Image22,1,6,3,5,34,85,1,84,1,90
Image23,7,10,9,4,149,24,69,36,1,1
Image24,4,9,70,2,158,10,1,26,1,29
Image25,6,1,47,1,40,116,1,96,1,1
Image26,7,13,13,45,1,1,192,1,1,36
Image27,1,6,62,1,1,24,1,212,1,1
Image28,2,2,110,1,92,22,3,76,1,1
Image29,1,33,109,3,4,50,26,82,1,1
Image30,7,1,55,1,109,40,40,55,1,1
Image31,2,9,4,4,247,2,1,38,1,2
Image32,3,33,164,10,19,40,1,37,1,2
Image33,2,1,53,1,1,96,15,139,1,1
Image34,1,14,39,1,103,40,1,109,1,1
Image35,4,29,14,26,102,12,1,29,1,92
Image36,5,17,41,1,116,27,4,96,1,2
Image37,8,9,35,20,91,9,26,110,1,1
Image38,8,11,16,2,1,68,70,132,1,1
Image39,4,6,74,13,1,77,18,115,1,1
Image40,9,13,18,3,1,140,11,113,1,1
Image41,2,16,140,3,75,1,8,41,1,23
Image42,1,53,32,69,1,1,1,54,1,97
Image43,1,21,34,2,1,116,3,122,1,9
Image44,2,19,7,65,1,2,17,9,1,187
Image45,2,46,59,62,1,66,35,34,1,4
Image46,1,2,1,1,1,172,1,129,1,1
Image47,7,4,9,4,1,131,81,71,1,1
Image48,1,1,7,1,39,169,1,89,1,1
Image49,1,42,87,18,1,1,10,44,1,105
Image50,1,73,32,3,1,4,10,161,1,24
Image51,1,4,39,1,1,210,1,50,1,2
Image52,1,42,13,1,1,175,2,26,1,48
Image53,1,1,1,1,97,64,1,142,1,1
Image54,1,25,1,7,1,129,47,65,1,33
Image55,6,3,25,4,41,109,2,117,1,2
Image56,4,4,13,1,1,119,16,150,1,1
Image57,1,1,1,1,1,165,1,137,1,1
Image58,4,1,67,93,1,1,126,1,1,15
Image59,7,23,39,3,1,59,33,124,1,20
Image60,2,16,3,8,1,63,21,190,1,5
Image61,1,22,3,1,33,118,1,63,1,67
Image62,1,1,10,1,1,140,31,103,1,21
Image63,11,13,1,91,1,55,13,88,1,36
Image64,1,45,80,17,36,33,3,49,1,45
Image65,1,46,116,13,6,13,2,18,1,94
Image66,1,111,62,90,1,1,38,3,1,2
Image67,1,47,46,1,11,13,49,134,1,7
Image68,1,3,1,1,1,139,1,94,1,68
Image69,1,86,1,1,1,53,22,70,1,74
Image70,1,1,101,1,52,1,1,150,1,1
Image71,12,5,1,271,1,1,16,1,1,1
Image72,1,10,86,42,61,2,43,56,1,8
Image73,3,8,19,3,205,1,1,68,1,1
Image74,4,14,2,9,1,1,31,246,1,1
Image75,1,7,163,4,9,1,11,112,1,1
Image76,1,13,1,3,1,202,2,75,1,11
Image77,13,1,3,3,1,1,1,1,283,3
Image78,17,5,28,1,28,88,10,129,1,3
Image79,6,11,41,220,1,1,5,1,23,1
Image80,2,2,33,22,187,1,9,42,1,11
Image81,1,20,150,1,10,5,1,120,1,1
Image82,1,32,1,1,96,106,1,70,1,1
Image83,53,21,84,24,1,35,32,57,1,2
Image84,3,28,51,65,33,10,21,82,9,8
Image85,38,1,14,1,90,20,4,46,4,92
Image86,43,26,16,2,10,17,3,151,1,41
Image87,47,9,51,15,111,1,3,61,1,11
Image88,1,1,48,1,93,9,1,154,1,1
Image89,1,1,56,1,1,24,1,223,1,1
Image90,1,20,10,86,1,2,2,186,1,1
Image91,1,14,2,1,1,112,13,164,1,1
Image92,1,1,72,1,1,130,1,101,1,1
Image93,1,1,3,1,40,95,1,166,1,1
Image94,1,35,88,42,10,15,1,114,1,3
Image95,29,13,41,4,48,65,3,90,12,5
Image96,8,1,71,1,4,65,25,133,1,1
Image97,5,1,4,1,66,1,171,59,1,1
Image98,1,17,80,3,78,14,1,61,1,54
Image99,1,25,1,1,1,155,1,58,1,66
Image100,20,11,22,4,1,161,1,71,18,1
Image101,1,26,148,21,5,1,3,100,1,4
Image102,1,51,36,23,1,1,1,193,1,2
Image103,1,82,90,70,1,3,32,19,1,11
Image104,5,12,1,116,1,55,2,2,1,115
Image105,21,1,3,59,2,1,3,1,215,4
Image106,74,3,42,10,11,108,24,32,2,4
Image107,22,1,1,1,1,1,74,1,207,1
Image108,1,17,204,2,11,5,1,63,1,5
Image109,1,13,140,1,1,16,1,133,1,3
Image110,52,1,14,23,15,44,4,105,1,51
Image111,4,1,25,1,184,1,41,51,1,1
Image112,65,6,9,29,109,6,12,44,21,9
Image113,47,15,17,28,3,32,5,111,4,48
Image114,3,4,25,4,93,9,4,45,1,122
Image115,29,20,2,78,82,37,3,27,29,3
Image116,22,12,9,16,132,55,8,54,1,1
Image117,20,15,6,13,118,15,2,96,24,1
Image118,44,18,4,18,1,25,1,183,13,3
Image119,22,21,64,10,131,21,3,30,3,5
Image120,12,6,9,22,231,1,2,19,7,1
Image121,9,22,16,13,92,20,3,92,42,1
Image122,1,1,41,1,144,17,18,85,1,1
Image123,1,1,11,1,180,76,2,36,1,1
Image124,8,16,32,3,159,29,3,58,1,1
Image125,8,11,134,16,93,1,1,31,14,1
Image126,1,36,193,6,61,1,1,9,1,1
Image127,53,9,50,36,2,1,155,1,2,1
Image128,1,7,139,118,2,1,4,2,35,1
Image129,19,17,41,25,1,150,6,40,1,10
Image130,37,23,41,6,2,74,37,77,1,12
Image131,1,2,26,1,1,138,1,11,1,128
Image132,5,19,83,1,6,22,1,171,1,1
Image133,18,12,13,19,132,106,2,6,1,1
Image134,1,6,26,1,1,152,1,109,1,12
Image135,4,12,3,107,4,1,41,32,1,105
Image136,1,18,18,1,1,187,1,58,1,24
Image137,3,16,61,22,2,81,6,113,3,3
Image138,49,27,41,152,1,1,19,1,6,13
Image139,29,35,33,9,1,40,13,146,1,3
Image140,1,10,15,129,2,30,1,120,1,1
Image141,110,12,11,63,6,7,32,1,58,10
Image142,14,26,25,162,1,1,26,1,53,1
Image143,1,33,39,2,1,65,17,148,1,3
Image144,1,32,21,35,1,70,24,42,1,83
Image145,1,40,45,1,109,24,13,71,1,5
Image146,3,46,56,9,1,72,38,49,2,34
Image147,3,29,41,37,1,84,22,57,1,35
Image148,6,73,10,9,1,43,22,94,1,51
Image149,1,18,3,1,1,130,35,119,1,1
Image150,8,39,33,83,1,32,81,16,1,16
Image151,2,17,15,5,1,65,6,116,1,82
Image152,7,15,39,4,29,7,6,183,1,19
Image153,58,1,1,6,1,1,1,1,236,4
Image154,12,18,7,74,22,23,58,94,1,1
Image155,2,39,25,1,15,58,36,132,1,1
Image156,2,33,3,185,1,1,10,48,1,26
Image157,18,8,56,1,6,33,9,174,1,4
Image158,1,10,9,65,49,14,5,152,1,4
Image159,18,15,2,90,1,76,1,39,12,56
Image160,13,12,2,11,53,75,4,132,2,6
Image161,3,28,12,10,3,6,12,228,1,7
Image162,6,15,17,76,68,6,20,29,1,72
Image163,15,1,1,21,1,1,45,1,220,4
Image164,1,6,27,6,107,62,6,93,1,1
Image165,26,9,99,29,25,1,22,18,80,1
Image166,1,12,37,2,2,69,1,139,1,46
Image167,4,13,9,7,12,9,1,108,1,146
Image168,1,5,17,229,19,1,19,1,1,17
Image169,1,1,1,1,204,1,1,98,1,1
Image170,34,33,43,66,3,4,38,6,58,25
Image171,1,2,25,1,162,53,1,63,1,1
Image172,2,1,49,1,113,78,1,63,1,1
Image173,18,1,10,1,198,1,1,1,78,1
Image174,2,4,59,2,13,58,5,165,1,1
Image175,1,15,9,1,2,193,10,67,1,11
Image176,1,17,31,11,53,115,3,68,1,10
Image177,5,10,211,3,63,1,1,13,1,2
Image178,1,5,81,1,1,1,1,217,1,1
Image179,23,8,91,2,109,1,7,2,66,1
Image180,10,44,55,73,76,33,16,1,1,1
Image181,1,11,1,1,155,91,18,30,1,1
Image182,4,1,3,1,127,92,1,74,1,6
Image183,1,32,53,68,1,1,5,73,1,75
Image184,1,40,53,5,60,87,1,61,1,1
Image185,2,32,5,52,1,105,32,50,1,30
Image186,5,1,32,1,35,96,1,137,1,1
Image187,5,19,112,8,25,55,18,63,3,2
Image188,1,5,54,1,1,104,1,141,1,1
Image189,1,5,52,1,141,66,1,24,1,18
Image190,1,1,40,1,161,13,1,90,1,1
Image191,4,4,20,152,1,1,100,1,26,1
Image192,43,4,78,18,3,61,5,65,32,1
Image193,1,47,1,25,1,108,8,117,1,1
Image194,1,4,6,1,1,133,1,161,1,1
Image195,1,7,7,1,1,131,1,156,1,4
Image196,4,4,62,1,1,82,1,150,1,4
Image197,1,1,11,1,1,91,1,201,1,1
Image198,1,1,14,1,25,87,1,177,1,2
Image199,1,15,7,1,68,37,20,152,1,8
Image200,1,19,32,2,1,1,1,130,1,122
Image201,1,14,39,3,1,84,7,159,1,1
Image202,1,41,1,5,1,109,12,138,1,1
Image203,27,1,1,60,1,1,5,1,212,1
Image204,1,26,70,38,1,21,48,68,1,36
Image205,2,15,1,56,1,139,2,88,1,5
Image206,1,21,1,6,1,131,3,18,1,127
Image207,3,6,66,20,3,136,4,45,1,26
Image208,1,1,1,1,1,276,1,19,1,8
Image209,18,10,37,135,1,1,22,1,24,61
Image210,1,1,3,1,1,128,1,172,1,1
Image211,1,1,210,1,7,59,1,28,1,1
Image212,2,19,135,88,1,18,40,1,1,5
Image213,1,1,81,1,1,114,1,108,1,1
Image214,4,34,57,1,1,14,58,139,1,1
Image215,1,48,1,22,1,3,2,230,1,1
Image216,1,31,1,1,1,74,1,198,1,1
Image217,12,5,41,4,48,105,4,86,3,2
Image218,18,3,107,53,22,44,19,41,2,1
Image219,43,15,116,9,1,17,28,79,1,1
Image220,1,17,20,7,1,42,1,215,1,5
Image221,31,1,1,86,1,1,52,1,135,1
Image222,17,7,78,1,19,65,38,81,3,1
Image223,16,31,15,3,2,183,6,34,8,12
Image224,5,56,30,20,1,65,68,13,1,51
Image225,1,68,12,7,1,59,2,30,1,129
Image226,1,13,2,75,1,51,24,68,1,74
Image227,5,29,48,11,1,13,8,46,2,147
Image228,11,30,82,1,3,65,1,61,1,55
Image229,27,28,196,19,26,1,4,1,7,1
Image230,76,18,19,5,120,1,3,63,1,4
Image231,2,26,91,43,8,19,47,35,1,38
Image232,11,8,8,2,4,222,13,39,1,2
Image233,4,26,9,4,126,54,1,41,1,44
Image234,1,21,61,6,1,41,2,36,1,140
Image235,1,8,2,1,1,167,1,99,1,29
Image236,48,1,1,242,1,1,12,1,2,1
Image237,2,31,6,56,1,170,4,17,1,22
Image238,35,9,3,118,1,2,53,1,35,53
Image239,1,46,71,71,1,4,28,10,1,77
Image240,40,5,1,110,11,1,51,20,36,35
Image241,1,9,77,1,1,62,1,151,1,6
Image242,37,20,1,110,1,13,55,45,4,24
Image243,1,14,1,7,1,205,1,75,1,4
Image244,1,89,29,9,1,55,5,93,1,27
Image245,1,1,1,97,1,1,1,1,184,22
Image246,78,3,6,11,12,48,9,98,40,5
Image247,1,1,76,1,21,20,1,187,1,1
Image248,2,7,11,98,1,1,6,1,182,1
Image249,3,15,84,5,93,14,16,75,1,4
Image250,6,19,146,24,30,23,9,48,1,4
Image251,2,1,31,1,32,126,3,112,1,1
Image252,61,3,70,1,77,15,26,55,1,1
Image253,1,1,1,1,1,1,1,1,301,1
Image254,47,1,1,3,1,1,1,1,237,17
Image255,112,1,1,9,1,1,1,1,180,3
Image256,6,1,1,1,1,1,1,1,296,1
Image257,1,3,1,136,1,1,67,1,98,1
Image258,53,1,1,1,1,1,3,1,247,1
Image259,41,1,1,107,1,1,87,1,65,5
Image260,38,8,28,108,1,1,24,7,4,91
Image261,1,1,1,140,1,1,1,1,118,45
Image262,1,21,58,1,1,104,1,106,1,16
Image263,1,14,46,24,1,101,14,36,1,72
Image264,2,18,14,238,1,1,14,1,9,12
Image265,1,64,65,60,1,31,3,29,1,55
Image266,73,1,1,116,1,1,4,1,108,4
Image267,103,4,1,64,1,20,6,49,1,61
Image268,1,14,28,9,1,20,7,114,1,115
Image269,1,39,90,3,65,1,1,107,1,2
Image270,19,3,5,3,97,18,2,161,1,1
Image271,8,47,33,108,2,3,8,72,4,25
Image272,8,51,103,48,17,4,2,53,14,10
Image273,1,12,47,2,3,83,4,156,1,1
Image274,1,17,22,11,1,103,14,98,1,42
Image275,1,24,34,6,1,91,3,140,1,9
Image276,15,28,77,22,1,28,5,126,7,1
Image277,48,27,60,63,5,1,29,75,1,1
Image278,6,20,65,4,1,105,11,96,1,1
Image279,38,17,95,25,1,75,22,27,1,9
Image280,1,6,135,2,1,104,1,58,1,1
Image281,1,3,115,1,1,133,1,53,1,1
Image282,1,10,1,1,1,126,1,167,1,1
Image283,1,73,22,1,1,69,7,134,1,1
Image284,23,10,70,1,26,42,53,82,1,2
Image285,2,20,65,1,1,137,53,28,1,2
Image286,1,1,85,1,1,146,8,56,1,10
Image287,3,6,97,50,71,7,18,25,1,32
Image288,1,4,36,1,141,10,1,92,1,23
Image289,1,4,98,1,150,15,1,37,1,2
Image290,5,21,133,32,47,1,55,11,1,4
Image291,48,16,69,28,1,7,52,25,43,21
Image292,22,13,82,7,44,20,16,56,7,43
Image293,44,30,89,1,87,7,40,10,1,1
Image294,46,8,67,6,68,13,83,17,1,1
Image295,3,3,18,2,190,73,11,8,1,1
Image296,60,1,3,1,177,53,4,9,1,1
Image297,1,21,6,37,1,156,1,84,1,2
Image298,1,9,7,1,1,88,1,200,1,1
Image299,1,5,3,1,1,163,22,94,1,19
Image300,1,16,45,2,15,56,2,171,1,1
Image301,1,31,10,11,3,96,51,48,1,58
Image302,1,44,41,40,1,1,98,32,1,51
Image303,7,16,7,158,4,1,91,9,1,16
Image304,105,1,2,80,3,3,14,1,61,40
Image305,1,31,73,22,6,10,6,135,1,25
Image306,1,23,85,27,8,45,3,109,1,8
Image307,1,32,53,7,2,68,1,144,1,1
Image308,1,1,31,1,29,157,1,83,1,5
Image309,1,49,91,25,1,36,2,41,1,63
Image310,12,4,1,78,1,1,151,1,1,60
Image311,1,3,4,3,1,121,1,172,1,3
Image312,7,9,14,1,1,110,51,114,1,2
Image313,17,16,2,87,1,44,26,102,14,1
Image314,1,17,1,73,1,85,2,127,1,2
Image315,1,18,55,1,1,27,2,203,1,1
Image316,1,26,1,20,1,108,13,26,1,113
Image317,3,19,23,189,1,1,10,62,1,1
Image318,1,40,1,29,1,111,30,2,1,94
Image319,39,35,8,77,1,5,12,2,1,130
Image320,1,2,20,1,1,225,5,53,1,1
Image321,1,7,96,1,1,155,11,36,1,1
Image322,9,5,7,9,136,30,19,93,1,1
Image323,67,26,38,5,5,87,1,68,1,12
Image324,1,21,22,1,93,80,1,82,1,8
Image325,1,1,24,1,72,1,1,207,1,1
Image326,1,1,41,78,1,26,82,1,1,78
Image327,1,15,32,1,1,106,1,151,1,1
Image328,45,11,1,7,1,1,133,21,2,88
Image329,20,23,42,47,1,44,60,31,2,40
Image330,89,1,1,94,1,1,32,1,57,33
Image331,1,22,69,47,1,1,113,6,1,49
Image332,11,1,1,85,1,1,149,1,2,58
Image333,14,1,1,224,1,1,57,1,9,1
Image334,34,1,1,189,1,1,1,1,80,1
Image335,1,1,1,90,1,1,172,1,1,41
Image336,1,5,152,123,2,1,23,1,1,1
Image337,1,1,1,7,1,2,1,1,277,18
Image338,4,1,1,271,1,1,2,1,27,1
Image339,45,2,1,147,1,1,35,1,65,12
Image340,42,3,10,178,1,1,51,1,22,1
Image341,1,1,1,156,1,1,1,1,110,37
Image342,22,1,1,151,1,1,4,1,107,21
Image343,19,1,1,145,1,1,101,1,18,22
Image344,54,1,1,16,1,1,4,1,230,1
Image345,4,4,20,113,1,1,140,1,1,25
Image346,1,49,99,38,1,16,3,69,3,31
Image347,1,20,206,34,22,1,1,17,7,1
Image348,1,1,1,190,1,1,111,1,2,1
Image349,12,1,48,107,1,1,116,1,1,22
Image350,70,6,36,49,63,1,5,1,78,1
Image351,1,31,109,3,5,1,53,101,1,5
Image352,11,1,1,76,1,1,2,1,215,1
Image353,12,54,94,51,1,1,69,7,12,9
Image354,71,1,1,81,1,1,55,1,77,21
Image355,30,1,1,140,1,1,56,1,27,52
Image356,3,1,1,5,1,1,1,1,293,3
Image357,1,1,13,115,1,1,175,1,1,1
Image358,49,1,7,61,2,1,89,1,97,2
Image359,19,4,29,85,12,1,12,1,146,1
Image360,23,116,6,144,1,1,12,4,1,2
Image361,1,16,2,197,1,2,81,1,1,8
Image362,45,2,1,175,1,1,61,1,1,22
Image363,9,1,1,274,1,1,16,1,1,5
Image364,7,20,14,198,1,6,45,1,1,17
Image365,1,102,7,92,1,17,25,47,1,17
Image366,36,4,1,217,1,1,47,1,1,1
Image367,58,14,8,113,1,3,77,8,1,27
Image368,40,1,14,74,1,1,170,1,6,2
Image369,163,2,1,32,1,2,15,1,92,1
Image370,123,14,11,74,1,1,54,3,23,6
Image371,33,3,5,12,1,1,251,1,2,1
Image372,115,1,45,2,1,1,118,1,24,2
Image373,13,5,220,1,1,2,26,40,1,1
Image374,144,39,16,30,1,1,66,1,7,5
Image375,33,11,150,1,6,17,64,23,1,4
Image376,3,1,224,1,31,8,7,25,9,1
Image377,26,2,1,30,1,1,246,1,1,1
Image378,49,2,13,25,1,1,216,1,1,1
Image379,189,7,1,47,1,13,10,2,13,27
Image380,50,16,76,11,1,1,138,15,1,1
Image381,201,9,1,16,1,1,53,1,18,9
Image382,215,10,1,1,1,1,76,1,3,1
Image383,6,19,124,7,1,26,73,49,1,4
Image384,132,4,3,26,1,1,73,1,68,1
Image385,168,1,1,71,1,1,1,1,61,4
Image386,14,13,92,9,1,30,121,28,1,1
Image387,138,1,1,152,1,1,3,1,11,1
Image388,35,15,1,205,1,10,16,1,14,12
Image389,59,19,19,40,1,1,153,16,1,1
Image390,139,3,2,15,1,3,68,1,49,29
Image391,66,1,22,124,1,1,39,1,54,1
Image392,71,4,11,9,1,14,45,20,134,1
Image393,5,10,117,18,7,31,88,32,1,1
Image394,40,4,72,4,1,1,175,8,3,2
Image395,125,1,3,17,1,1,146,1,14,1
Image396,21,3,1,224,1,1,36,1,21,1
Image397,209,3,1,29,1,1,47,1,17,1
Image398,85,6,16,9,1,1,188,2,1,1
Image399,72,1,2,2,1,1,47,1,182,1
Image400,131,2,2,7,1,1,10,3,148,5
Image401,6,1,2,127,1,1,169,1,1,1
Image402,12,15,6,111,1,1,120,1,1,42
Image403,2,32,38,12,1,19,166,27,1,12
Image404,7,13,46,204,1,1,34,1,2,1
Image405,9,12,8,183,1,1,11,1,6,78
Image406,53,4,1,191,1,1,20,1,37,1
Image407,29,1,1,192,1,1,2,1,78,4
Image408,1,106,4,6,1,143,14,28,1,6
Image409,63,42,3,142,1,1,39,14,4,1
Image410,81,41,4,51,1,1,117,1,5,8
Image411,77,30,1,28,33,1,1,1,134,4
Image412,22,7,5,179,1,1,64,1,29,1
Image413,1,49,2,157,1,11,59,1,1,28
Image414,2,45,8,191,1,1,47,8,1,6
Image415,1,34,1,129,1,31,43,37,1,32
Image416,1,7,1,202,1,9,49,1,1,38
Image417,1,1,1,227,1,1,52,1,1,24
Image418,2,1,1,238,1,1,28,1,1,36
Image419,1,13,1,257,1,5,14,1,1,16
Image420,5,34,1,129,1,13,101,4,1,21
Image421,34,1,1,204,1,1,51,1,1,15
Image422,32,6,1,243,1,1,23,1,1,1
Image423,63,18,6,196,1,1,21,1,1,2
Image424,20,28,1,201,1,39,8,2,1,9
Image425,62,3,1,183,1,1,42,1,1,15
Image426,28,1,1,253,1,1,4,1,1,19
Image427,84,13,3,131,1,1,65,10,1,1
Image428,39,6,1,249,1,1,10,1,1,1
Image429,40,25,1,179,1,20,9,21,1,13
Image430,60,3,1,190,1,1,14,1,1,38
Image431,59,1,1,214,1,1,20,1,1,11
Image432,26,11,2,87,1,58,107,1,1,16
Image433,23,12,1,216,1,1,2,1,1,52
Image434,91,36,2,122,1,11,6,9,19,13
Image435,32,1,1,265,1,1,3,1,1,4
Image436,25,43,2,183,1,2,27,1,1,25
Image437,54,10,3,195,1,1,30,2,3,11
Image438,26,7,1,223,1,1,11,1,2,37
Image439,42,7,1,156,1,2,28,25,45,3
Image440,33,26,1,151,1,1,23,50,20,4
Image441,91,10,2,116,1,1,58,1,1,29
Image442,69,4,1,180,1,1,51,1,1,1
Image443,118,1,1,174,1,1,8,1,3,2
Image444,11,1,1,275,1,1,17,1,1,1
Image445,121,23,3,23,1,66,59,6,5,3
Image446,66,19,6,26,1,37,121,29,1,4
Image447,93,9,1,166,1,7,18,5,3,7
Image448,216,4,1,68,1,3,3,1,9,4
Image449,90,11,1,136,1,8,4,1,3,55
Image450,52,18,6,22,1,27,140,15,1,28
Image451,85,1,24,130,1,1,42,1,24,1
Image452,29,24,1,175,1,12,1,1,25,41
Image453,53,1,2,201,1,1,48,1,1,1
Image454,14,17,1,189,1,1,67,9,1,10
Image455,3,1,1,246,1,1,38,1,1,17
Image456,2,1,1,278,1,1,23,1,1,1
Image457,1,2,1,259,1,1,37,1,1,6
Image458,1,1,1,244,1,1,57,1,1,2
Image459,1,2,1,142,1,2,158,1,1,1
Image460,43,2,1,55,1,1,204,1,1,1
Image461,1,39,1,77,1,20,133,1,1,36
Image462,2,3,1,122,1,1,177,1,1,1
Image463,1,125,3,42,1,5,66,62,1,4
Image464,1,91,4,17,1,90,42,60,1,3
Image465,1,75,36,88,1,12,13,4,1,79
Image466,99,1,1,53,1,1,1,1,113,39
Image467,1,6,8,140,1,1,150,1,1,1
Image468,8,9,180,1,65,1,1,41,1,3
Image469,12,84,55,40,43,33,13,17,1,12
Image470,94,6,7,87,1,3,70,1,16,25
Image471,67,36,38,72,1,5,66,1,1,23
Image472,108,31,3,129,1,2,14,3,2,17
Image473,110,11,4,49,1,26,4,30,46,29
Image474,88,1,1,44,4,1,3,1,145,22
Image475,96,15,2,65,1,10,61,2,1,57
Image476,10,80,52,3,5,45,24,70,1,20
Image477,105,16,32,15,2,14,33,89,3,1
Image478,5,86,53,17,2,16,37,32,1,61
Image479,37,5,72,102,16,2,47,18,1,10
Image480,126,5,1,118,1,2,42,1,8,6
Image481,70,1,1,135,1,1,5,1,94,1
Image482,88,21,29,35,1,2,35,32,63,4
Image483,181,4,2,28,1,1,73,1,2,17
Image484,29,11,43,34,1,60,60,63,1,8
Image485,17,19,31,54,18,9,104,56,1,1
Image486,22,30,96,34,36,38,30,20,1,3
Image487,126,5,1,41,1,1,113,1,19,2
Image488,13,15,37,112,2,9,105,13,1,3
Image489,2,43,35,97,1,13,105,6,1,7
Image490,17,58,108,24,1,6,29,15,1,51
Image491,37,3,2,28,4,1,8,1,225,1
Image492,1,4,31,74,1,32,126,38,1,2
Image493,100,1,1,74,3,1,37,1,91,1
Image494,52,1,23,197,2,1,25,1,1,7
Image495,24,10,1,4,1,1,2,2,264,1
Image496,99,22,2,31,3,40,32,38,1,42
Image497,142,18,4,50,1,5,20,2,55,13
Image498,46,3,1,88,1,1,142,4,1,23
Image499,35,2,1,49,1,1,5,1,214,1
Image500,84,53,47,45,11,1,13,42,10,4
Image501,152,1,1,77,1,1,8,1,67,1
Image502,23,1,45,143,4,1,77,3,1,12
Image503,1,95,35,1,1,2,1,171,1,2
Image504,101,23,18,23,1,16,36,31,44,17
Image505,126,1,38,33,1,1,2,1,22,85
Image506,120,13,10,43,59,10,10,19,25,1
Image507,18,4,1,15,1,1,1,1,264,4
Image508,189,18,34,23,1,1,6,2,29,7
Image509,1,2,42,1,4,7,1,250,1,1
Image510,100,23,3,12,1,57,86,9,5,14
Image511,268,4,3,4,1,9,5,3,4,9
Image512,70,1,1,23,1,1,1,1,202,9
Image513,114,3,28,8,6,7,9,9,125,1
Image514,149,49,25,10,1,30,21,22,1,2
Image515,143,16,1,16,1,51,11,30,38,3
Image516,21,18,1,101,1,2,19,1,88,58
Image517,2,27,71,35,1,3,136,33,1,1
Image518,1,45,1,47,1,35,171,4,1,4
Image519,32,51,5,22,1,46,134,15,2,2
Image520,156,1,1,66,1,1,1,1,81,1
Image521,252,1,1,32,1,1,8,1,12,1
Image522,245,1,1,17,1,1,29,1,13,1
Image523,115,11,28,58,1,1,67,1,21,7
Image524,17,7,1,151,1,3,118,5,1,6
Image525,7,40,12,21,1,18,192,7,1,11
Image526,38,131,55,35,4,4,25,4,1,13
Image527,37,21,1,58,1,10,1,3,160,18
Image528,36,20,11,38,12,5,1,2,172,13
Image529,35,27,17,34,33,8,1,7,139,9
Image530,54,34,36,91,3,1,81,1,1,8
Image531,1,18,90,2,9,17,1,150,1,21
Image532,188,25,3,34,1,1,5,1,40,12
Image533,42,10,4,16,1,1,1,1,231,3
Image534,87,60,25,30,1,22,28,22,22,13
Image535,102,18,2,112,1,61,9,1,3,1
Image536,111,14,11,21,1,26,36,38,43,9
Image537,5,36,98,17,1,36,19,77,1,20
Image538,1,73,61,6,91,25,14,14,1,24
Image539,23,29,16,18,1,41,107,3,1,71
Image540,79,12,36,46,1,43,64,13,4,12
Image541,17,65,48,71,1,1,58,45,2,2
Image542,10,3,1,78,1,1,198,3,1,14
Image543,56,51,43,50,1,9,69,5,4,22
Image544,15,28,15,42,1,42,85,49,1,32
Image545,75,4,53,90,4,3,37,29,4,11
Image546,1,24,150,1,1,30,1,87,1,14
Image547,10,26,57,83,1,16,83,32,1,1
Image548,3,38,118,39,2,16,28,48,1,17
Image549,5,37,148,26,2,18,17,32,1,24
Image550,110,10,1,60,1,1,107,1,1,18
Image551,60,3,37,55,1,1,62,5,10,76
Image552,117,35,17,59,1,8,15,31,25,2
Image553,112,3,48,18,8,1,115,1,3,1
Image554,60,16,39,3,1,19,113,44,1,14
Image555,149,31,8,13,2,5,81,9,3,9
Image556,62,5,1,51,1,2,177,1,1,9
Image557,86,4,63,33,62,1,52,1,6,2
Image558,62,18,78,29,1,7,105,5,1,4
Image559,122,7,27,53,3,1,90,3,1,3
Image560,17,4,1,99,1,5,8,33,86,56
Image561,112,4,46,2,44,8,57,12,9,16
Image562,130,6,41,2,20,5,62,18,8,18
Image563,132,1,1,15,1,1,25,1,117,16
Image564,249,1,3,2,4,1,14,1,34,1
Image565,26,42,15,46,1,24,9,64,76,7
Image566,5,1,110,1,1,38,1,151,1,1
Image567,169,6,39,3,3,45,34,9,1,1
Image568,76,19,35,5,6,14,90,54,1,10
Image569,29,13,122,1,56,7,50,30,1,1
Image570,7,39,5,20,38,6,1,19,166,9
Image571,60,7,6,1,4,10,3,36,182,1
Image572,63,5,3,4,1,1,7,1,224,1
Image573,12,13,5,12,22,1,1,32,211,1
Image574,36,9,1,6,1,1,8,1,246,1
Image575,165,1,25,17,29,1,2,1,68,1
Image576,126,2,1,78,1,4,2,1,33,62
Image577,30,13,7,27,13,6,1,1,204,8
Image578,31,30,26,29,4,18,113,43,1,15
Image579,37,48,5,62,1,53,1,75,14,14
Image580,4,29,24,56,1,11,26,41,1,117
Image581,9,33,12,102,1,4,92,15,1,41
Image582,169,10,4,65,21,2,20,1,1,17
Image583,55,7,1,47,1,42,1,1,140,15
Image584,106,21,14,10,4,1,10,2,141,1
Image585,13,20,87,13,6,1,2,5,162,1
Image586,163,4,4,13,1,1,2,3,115,4
Image587,222,1,1,29,1,1,11,1,41,2
Image588,115,25,95,10,1,1,5,45,12,1
Image589,189,16,11,12,1,1,49,14,16,1
Image590,99,7,14,44,1,2,2,1,118,22
Image591,53,19,43,13,3,17,115,7,1,39
Image592,46,5,1,47,1,9,14,1,177,9
Image593,1,31,131,1,1,25,95,22,1,2
Image594,43,7,1,26,1,14,6,1,191,20
Image595,210,28,10,7,1,9,2,23,19,1
Image596,109,5,1,120,1,1,63,1,8,1
Image597,27,47,1,55,1,17,1,6,141,14
Image598,218,1,6,51,1,1,9,1,19,3
Image599,128,1,1,101,1,1,12,1,63,1
Image600,18,9,1,28,1,3,1,2,246,1
Image601,54,37,20,41,24,24,1,10,83,16
Image602,86,13,7,106,12,12,2,2,22,48
Image603,188,17,7,7,2,5,6,63,14,1
Image604,93,1,1,1,1,1,1,1,209,1
Image605,256,1,1,34,1,1,2,1,6,7
Image606,210,2,1,37,1,1,4,2,51,1
Image607,210,1,1,39,1,1,2,1,53,1
Image608,43,1,1,197,1,1,60,1,4,1
Image609,82,52,34,32,21,14,35,3,28,9
Image610,40,2,1,241,1,1,4,1,1,18
Image611,1,111,11,68,1,4,15,50,1,48
Image612,49,29,1,182,1,15,12,1,13,7
Image613,79,2,1,73,1,1,25,1,96,31
Image614,18,32,20,41,2,17,101,71,1,7
Image615,1,149,28,65,1,5,28,5,1,27
Image616,36,1,190,1,35,5,14,26,1,1
Image617,123,19,26,3,15,3,115,4,1,1
Image618,73,53,43,2,46,3,52,17,1,20
Image619,79,43,63,29,1,41,34,12,1,7
Image620,66,25,11,51,1,9,137,6,1,3
Image621,136,12,9,18,1,1,114,16,2,1
Image622,158,1,1,19,1,1,121,1,6,1
Image623,198,1,4,17,1,1,27,1,59,1
Image624,1,85,137,29,1,2,24,3,1,27
Image625,1,148,27,74,1,1,41,15,1,1
Image626,219,19,24,11,1,1,20,4,8,3
Image627,53,37,5,65,1,16,81,19,1,32
Image628,144,9,3,81,1,1,20,1,2,48
Image629,72,19,1,99,1,11,85,19,1,2
Image630,110,50,5,16,1,5,100,21,1,1
Image631,165,22,27,11,32,7,14,13,1,18
Image632,1,11,7,49,1,1,192,1,1,46
Image633,27,16,1,227,1,2,15,1,1,19
Image634,1,29,1,44,1,8,200,2,1,23
Image635,18,47,2,97,1,2,108,8,1,26
Image636,1,64,3,28,1,8,158,4,1,42
Image637,1,1,199,1,1,54,1,50,1,1
Image638,2,14,134,1,1,83,1,61,1,12
Image639,1,1,91,1,1,86,1,126,1,1
Image640,1,1,139,1,1,72,1,92,1,1
Image641,1,1,114,1,1,109,1,80,1,1
Image642,142,18,2,121,2,7,2,1,4,11
Image643,185,11,8,44,20,1,32,1,4,4
Image644,130,13,1,8,1,1,16,36,103,1
Image645,119,7,1,3,1,27,2,20,124,6
Image646,45,43,93,2,1,1,93,30,1,1
Image647,73,1,1,63,1,1,1,1,159,9
Image648,80,1,1,5,2,1,1,1,217,1
Image649,38,4,33,18,22,34,105,54,1,1
Image650,48,31,26,10,5,11,101,60,1,17
Image651,26,31,6,153,1,1,89,1,1,1
Image652,176,19,1,32,2,2,11,1,60,6
Image653,106,14,10,80,25,14,10,6,31,14
Image654,45,22,26,73,1,7,89,6,3,38
Image655,104,34,70,4,29,25,15,26,2,1
Image656,31,6,1,20,45,2,1,12,191,1
Image657,91,1,2,34,1,1,8,1,165,6
Image658,49,1,1,18,1,1,1,1,227,10
Image659,33,1,1,26,1,1,18,1,208,20
Image660,1,1,91,1,1,62,1,150,1,1
Image661,61,14,73,3,6,35,55,61,1,1
Image662,22,6,3,4,8,2,4,5,253,3
Image663,159,3,1,50,1,1,8,2,76,9
Image664,5,2,75,1,18,41,1,165,1,1
Image665,10,1,1,22,1,1,1,1,271,1
Image666,9,10,81,46,12,1,147,2,1,1
Image667,125,12,1,79,9,1,11,1,63,8
Image668,32,1,1,128,1,1,1,1,117,27
Image669,159,1,1,10,4,1,97,1,18,18
Image670,135,10,1,71,1,6,59,7,5,15
Image671,31,5,7,35,1,1,192,1,1,36
Image672,52,10,13,91,1,10,89,35,4,5
Image673,94,18,22,100,8,6,36,18,1,7
Image674,57,4,15,2,173,15,1,40,2,1
Image675,76,3,2,103,6,1,109,3,1,6
Image676,69,11,1,14,3,12,149,7,30,14
Image677,141,1,17,13,63,11,1,57,1,5
Image678,190,4,1,20,1,12,24,1,51,6
Image679,33,26,111,8,26,4,57,29,1,15
Image680,61,1,1,115,1,1,124,1,2,3
Image681,197,1,1,42,1,1,31,1,33,2
Image682,161,3,22,55,9,1,42,1,6,10
Image683,91,25,1,34,13,5,84,5,1,51
Image684,79,1,1,156,1,1,6,1,13,51
Image685,21,1,1,1,1,1,1,1,281,1
Image686,10,20,2,200,1,1,4,1,1,70
Image687,149,46,23,5,5,15,59,4,3,1
Image688,1,25,19,2,89,137,2,14,1,20
Image689,1,6,8,1,35,107,1,42,1,108
Image690,1,11,30,3,28,107,12,98,1,19
Image691,1,7,39,1,47,133,3,77,1,1
Image692,1,1,54,1,26,173,1,51,1,1
Image693,2,5,45,1,94,144,1,15,1,2
Image694,13,24,17,68,1,1,10,74,1,101
Image695,1,1,66,1,74,34,39,92,1,1
Image696,47,4,35,6,87,1,13,113,2,2
Image697,1,1,69,1,27,36,1,172,1,1
Image698,4,65,8,47,102,17,10,50,1,6
Image699,1,1,189,1,1,26,1,88,1,1
Image700,1,1,104,1,119,1,1,80,1,1
Image701,1,1,89,1,1,61,1,153,1,1
Image702,1,5,131,1,129,4,1,36,1,1
Image703,11,15,85,1,1,140,10,45,1,1
Image704,1,1,106,1,143,1,1,54,1,1
Image705,1,73,20,2,130,7,65,10,1,1
Image706,1,1,55,1,15,10,1,198,1,27
Image707,1,1,22,1,80,78,1,124,1,1
Image708,1,1,41,1,115,17,1,131,1,1
Image709,1,10,94,1,12,75,1,114,1,1
Image710,1,1,85,1,114,26,1,79,1,1
Image711,1,7,78,1,38,65,1,117,1,1
Image712,1,27,1,1,1,29,1,86,1,162
Image713,1,1,43,1,127,2,1,132,1,1
Image714,1,1,87,1,127,35,1,55,1,1
Image715,1,55,17,3,112,41,36,33,1,11
Image716,4,5,2,115,131,1,49,1,1,1
Image717,1,7,45,1,34,45,1,108,1,67
Image718,15,1,50,7,128,1,60,46,1,1
Image719,75,8,59,51,3,3,1,52,57,1
Image720,1,42,44,2,1,55,1,81,1,82
Image721,2,10,60,1,1,67,14,148,1,6
Image722,15,13,4,153,110,1,3,1,1,9
Image723,27,24,35,51,44,1,68,17,9,34
Image724,14,13,139,22,15,1,16,5,1,84
Image725,2,1,153,1,36,4,1,110,1,1
Image726,77,3,1,114,1,1,5,1,106,1
Image727,1,1,76,1,91,88,1,49,1,1
Image728,1,94,131,55,6,1,1,17,1,3
Image729,32,11,10,160,57,2,14,19,2,3
Image730,8,24,58,9,1,7,103,87,1,12
Image731,5,29,53,37,92,21,37,28,1,7
Image732,66,7,31,18,9,1,15,43,115,5
Image733,76,9,10,64,104,1,32,7,3,4
Image734,1,31,46,18,1,81,97,16,1,18
Image735,4,44,157,2,7,1,22,68,1,4
Image736,21,4,83,151,4,1,28,16,1,1
Image737,2,52,85,150,5,1,4,4,6,1
Image738,1,4,88,1,1,32,36,139,1,7
Image739,3,45,75,5,1,72,27,55,1,26
Image740,1,22,20,45,1,1,11,89,1,119
Image741,1,44,47,52,7,63,24,64,1,7
Image742,9,10,72,1,75,6,35,100,1,1
Image743,13,10,169,1,1,5,12,76,1,22
Image744,28,23,23,29,1,35,73,52,1,45
Image745,1,21,102,10,5,76,57,5,1,32
Image746,1,10,146,1,68,14,16,24,1,29
Image747,1,29,56,3,1,16,94,72,1,37
Image748,1,27,34,102,52,5,42,45,1,1
Image749,1,13,2,1,18,21,1,94,1,158
Image750,1,24,40,1,86,14,11,111,1,21
Image751,15,4,110,1,1,43,3,131,1,1
Image752,1,19,81,1,61,14,33,88,1,11
Image753,1,11,67,1,96,28,20,73,1,12
Image754,1,8,130,1,13,10,1,140,1,5
Image755,10,4,130,1,1,35,5,122,1,1
Image756,1,56,103,11,1,73,1,38,1,25
Image757,1,24,63,30,1,119,13,37,1,21
Image758,5,12,91,7,132,3,8,15,1,36
Image759,13,1,82,1,81,69,5,56,1,1
Image760,1,34,53,14,1,91,24,53,1,38
Image761,12,34,6,40,1,101,86,4,8,18
Image762,1,11,1,44,1,18,168,3,1,62
Image763,3,3,1,19,1,3,221,1,1,57
Image764,9,9,25,42,1,114,46,62,1,1
Image765,32,12,72,3,1,76,58,49,1,6
Image766,45,3,15,3,1,122,103,13,1,4
Image767,1,5,56,1,1,71,32,101,1,41
Image768,1,3,83,5,1,28,91,40,1,57
Image769,4,14,1,77,1,66,130,1,1,15
Image770,11,42,75,68,1,61,28,5,1,18
Image771,1,22,57,1,69,92,1,56,1,10
Image772,1,2,77,1,19,76,1,112,1,20
Image773,12,125,14,3,7,55,66,25,1,2
Image774,1,1,48,1,86,95,1,75,1,1
Image775,9,14,71,2,2,41,108,60,1,2
Image776,1,1,45,1,35,70,1,151,1,4
Image777,4,39,60,22,1,4,98,78,1,3
Image778,8,1,18,1,64,81,74,58,1,4
Image779,5,16,83,1,3,81,19,99,1,2
Image780,133,6,10,22,47,3,41,43,4,1
Image781,33,9,29,3,1,83,31,41,1,79
Image782,20,23,32,1,14,64,102,35,1,18
Image783,1,9,121,1,30,111,1,17,1,18
Image784,3,20,77,1,16,114,7,68,1,3
Image785,10,115,15,43,1,67,17,16,1,25
Image786,1,2,24,1,1,165,1,112,1,2
Image787,28,54,8,136,1,26,7,39,1,10
Image788,6,56,4,75,2,52,2,84,1,28
Image789,12,28,43,68,4,48,1,101,1,4
Image790,14,7,6,168,42,1,37,26,1,8
Image791,1,21,31,1,54,47,6,145,1,3
Image792,1,15,89,1,1,65,33,103,1,1
Image793,13,43,88,17,23,36,5,80,1,4
Image794,8,15,1,62,117,12,1,21,1,72
Image795,57,12,41,1,3,103,3,88,1,1
Image796,2,38,15,22,124,24,1,7,1,76
Image797,10,25,12,8,125,38,7,24,1,60
Image798,15,30,19,21,94,33,8,42,13,35
Image799,1,10,15,1,144,93,1,24,1,20
Image800,26,38,1,57,73,88,6,1,6,14
Image801,7,7,4,2,107,59,1,21,5,97
Image802,2,15,46,3,12,134,1,74,5,18
Image803,1,37,16,12,45,122,3,44,1,29
Image804,15,17,1,10,45,119,1,4,28,70
Image805,37,8,60,1,2,46,3,133,9,11
Image806,77,24,6,77,1,36,18,3,36,32
Image807,21,57,16,35,85,49,6,7,1,33
Image808,49,54,23,18,76,51,3,10,7,19
Image809,7,19,24,46,65,40,2,25,65,17
Image810,2,2,68,1,164,2,2,65,3,1
Image811,2,40,43,4,1,72,3,134,1,10
Image812,1,1,1,1,83,120,1,100,1,1
Image813,1,1,1,1,77,79,1,147,1,1
Image814,1,1,1,1,67,185,1,51,1,1
Image815,1,29,2,5,82,18,1,37,1,134
Image816,1,21,5,1,43,94,1,48,1,95
Image817,1,12,73,1,37,45,2,68,1,70
Image818,24,6,1,64,27,18,1,27,14,128
Image819,39,14,5,103,1,10,62,72,1,3
Image820,34,16,104,2,1,4,88,46,1,14
Image821,15,36,155,7,1,1,81,5,1,8
Image822,3,12,152,1,1,29,21,85,1,5
Image823,28,47,88,94,3,3,25,17,1,4
Image824,15,14,9,113,105,1,1,7,43,2
Image825,51,4,3,195,31,1,1,2,2,20
Image826,77,19,48,5,2,79,46,18,1,15
Image827,150,7,13,1,1,43,15,78,1,1
Image828,2,24,102,2,4,54,1,114,1,6
Image829,8,67,30,76,1,1,66,42,1,18
Image830,1,8,9,1,1,149,1,118,1,21
Image831,14,10,3,219,53,1,6,2,1,1
Image832,13,13,38,160,21,1,7,1,55,1
Image833,8,17,168,67,22,1,2,10,1,14
Image834,1,1,47,1,251,1,1,5,1,1
Image835,27,32,106,12,26,8,84,12,1,2
Image836,1,1,36,1,104,67,1,96,1,2
Image837,63,8,42,43,63,5,69,2,10,5
Image838,9,40,103,4,20,33,54,27,1,19
Image839,1,45,31,19,6,22,3,67,1,115
Image840,3,7,62,1,1,64,30,130,1,11
Image841,15,14,5,7,66,107,66,26,1,3
Image842,1,3,105,1,63,72,2,40,1,22
Image843,14,43,80,6,3,27,7,100,29,1
Image844,7,44,15,15,65,21,24,11,1,107
Image845,4,7,141,26,10,25,12,83,1,1
Image846,2,30,28,19,1,16,124,47,1,42
Image847,1,11,59,49,106,2,1,35,1,45
Image848,43,1,30,6,169,27,5,26,1,2
Image849,1,18,106,2,27,18,94,22,1,21
Image850,28,54,2,115,42,1,8,1,1,58
Image851,62,14,38,3,142,5,8,32,1,5
Image852,28,16,56,1,28,15,118,41,1,6
Image853,58,25,90,44,2,18,15,41,14,3
Image854,86,1,10,89,92,1,27,1,2,1
Image855,29,6,9,175,1,1,22,59,5,3
Image856,28,3,27,80,2,25,35,103,1,6
Image857,1,6,164,1,1,27,14,57,1,38
Image858,1,29,19,1,146,37,1,74,1,1
Image859,1,1,87,1,28,105,1,84,1,1
Image860,4,48,38,3,32,80,33,39,1,32
Image861,2,43,85,5,45,83,11,29,1,6
Image862,2,7,94,1,20,106,2,60,1,17
Image863,1,2,23,1,214,23,1,43,1,1
Image864,2,23,29,71,50,2,53,62,1,17
Image865,1,11,36,1,88,97,1,66,8,1
Image866,65,67,43,26,1,17,49,38,2,2
Image867,1,26,43,2,3,48,152,31,1,3
Image868,1,3,43,1,40,115,23,82,1,1
Image869,2,18,92,2,94,26,1,54,1,20
Image870,2,2,42,1,27,125,1,105,4,1
Image871,3,16,25,1,37,164,2,45,1,16
Image872,4,63,15,25,1,63,72,63,1,3
Image873,1,8,164,1,20,28,1,85,1,1
Image874,1,18,87,2,1,47,2,116,1,35
Image875,2,7,130,1,1,89,12,63,1,4
Image876,2,36,11,113,72,30,5,30,1,10
Image877,32,13,11,43,15,84,40,59,10,3
Image878,1,1,76,1,103,35,1,90,1,1
Image879,1,18,63,1,117,65,1,41,1,2
Image880,4,44,92,10,1,57,64,36,1,1
Image881,22,1,134,1,87,5,10,46,1,3
Image882,2,11,64,8,58,15,75,75,1,1
Image883,1,4,114,1,16,48,1,120,1,4
Image884,7,45,61,50,50,8,63,18,1,7
Image885,1,4,27,1,1,122,1,146,1,6
Image886,1,1,1,1,261,1,1,41,1,1
Image887,1,17,107,29,88,36,6,24,1,1
Image888,1,53,42,4,33,87,3,66,1,20
Image889,1,77,6,6,1,97,48,71,1,2
Image890,1,10,28,21,17,90,2,65,1,75
Image891,3,32,2,13,1,56,7,136,1,59
Image892,14,34,1,6,1,8,9,67,1,169
Image893,1,65,81,7,1,50,22,79,1,3
Image894,1,76,9,15,1,61,11,31,1,104
Image895,1,95,34,1,4,108,1,22,1,43
Image896,25,1,14,1,75,9,1,178,5,1
Image897,46,1,15,1,101,6,1,118,20,1
Image898,1,1,100,1,12,86,1,106,1,1
Image899,1,62,91,1,1,97,4,35,1,17
Image900,1,37,52,4,2,132,6,48,1,27
Image901,30,15,20,44,1,111,24,17,1,47
Image902,1,2,65,1,82,69,1,87,1,1
Image903,1,75,48,5,1,76,2,43,1,58
Image904,1,44,15,28,1,108,6,10,1,96
Image905,6,49,2,1,1,154,15,69,1,12
Image906,1,21,5,1,1,88,13,178,1,1
Image907,1,4,106,1,17,98,1,80,1,1
Image908,8,53,36,3,12,95,18,42,1,42
Image909,14,43,131,5,1,54,10,46,2,4
Image910,1,10,60,1,10,121,1,73,32,1
Image911,1,5,23,1,70,48,1,158,1,2
Image912,3,17,25,6,6,95,36,99,1,22
Image913,3,14,4,63,1,6,134,1,1,83
Image914,1,1,37,1,117,70,1,80,1,1
Image915,1,8,102,3,9,39,52,94,1,1
Image916,5,11,40,1,62,38,14,136,1,2
Image917,1,23,95,1,18,82,11,68,1,10
Image918,1,3,128,1,35,21,52,67,1,1
Image919,3,7,88,1,95,48,2,64,1,1
Image920,1,11,47,1,16,93,1,128,1,11
Image921,2,59,55,2,4,25,17,139,1,6
Image922,14,2,108,1,35,64,18,66,1,1
Image923,16,28,31,9,8,33,40,127,1,17
Image924,2,31,1,82,1,22,102,39,1,29
Image925,2,1,77,1,61,55,3,108,1,1
Image926,7,17,25,47,2,21,58,82,1,50
Image927,1,1,59,1,134,45,1,66,1,1
Image928,1,29,63,1,4,24,15,170,1,2
Image929,2,32,28,16,2,25,36,149,1,19
Image930,1,1,16,1,106,63,1,119,1,1
Image931,1,2,42,1,73,54,1,134,1,1
Image932,1,30,1,20,1,119,32,78,1,27
Image933,1,1,165,1,114,14,1,11,1,1
Image934,54,21,2,51,105,5,45,2,1,24
Image935,2,5,109,7,47,20,38,45,1,36
Image936,1,4,16,1,35,117,1,34,1,100
Image937,2,20,62,1,2,49,20,148,1,5
Image938,9,31,20,3,65,48,70,61,1,2
Image939,1,30,1,25,1,88,9,110,1,44
Image940,1,1,7,1,134,137,1,26,1,1
Image941,3,1,135,1,19,107,1,41,1,1
Image942,2,2,71,1,6,136,49,41,1,1
Image943,8,6,56,1,68,25,1,143,1,1
Image944,2,34,3,58,1,45,72,35,1,59
Image945,3,1,64,3,103,79,3,47,1,6
Image946,1,12,112,1,55,81,1,45,1,1
Image947,95,25,5,12,1,58,16,76,5,17
Image948,33,27,39,6,1,39,37,124,1,3
Image949,7,23,2,22,1,1,24,128,1,101
Image950,7,16,3,52,1,145,66,17,1,2
Image951,1,54,5,3,1,104,70,21,1,50
Image952,1,1,87,1,1,96,1,117,1,4
Image953,1,41,2,12,1,74,56,108,1,14
Image954,1,1,102,1,12,42,1,148,1,1
Image955,1,5,9,2,1,66,190,1,1,34
Image956,1,18,58,2,1,163,23,42,1,1
Image957,10,46,46,1,3,35,6,74,1,88
Image958,1,124,42,1,1,56,41,40,1,3
Image959,1,7,132,1,34,105,14,14,1,1
Image960,1,34,84,1,1,85,1,42,1,60
Image961,3,24,55,1,35,72,65,53,1,1
Image962,2,6,45,1,2,60,81,110,1,2
Image963,2,11,37,48,1,1,104,1,1,104
Image964,2,59,3,63,1,38,45,53,1,45
Image965,1,2,58,1,22,48,1,175,1,1
Image966,1,81,1,69,1,2,28,99,1,27
Image967,1,18,17,1,1,17,110,143,1,1
Image968,80,6,7,60,108,1,37,4,2,5
Image969,1,78,60,12,1,83,43,29,1,2
Image970,1,9,88,1,23,54,1,122,1,10
Image971,9,23,36,52,103,15,37,30,1,4
Image972,1,50,3,4,1,24,95,113,1,18
Image973,1,96,1,9,1,39,31,104,1,27
Image974,1,93,9,11,1,1,60,120,1,13
Image975,1,1,10,1,161,49,1,83,1,2
Image976,1,2,110,1,11,104,1,68,1,11
Image977,1,1,22,1,1,190,1,89,1,3
Image978,1,1,39,1,196,33,1,36,1,1
Image979,25,6,81,1,130,35,1,29,1,1
Image980,1,5,42,1,132,39,1,87,1,1
Image981,1,1,54,1,153,29,1,68,1,1
Image982,1,7,32,3,29,77,2,85,1,73
Image983,1,2,43,1,3,121,1,136,1,1
Image984,11,16,5,110,1,65,6,94,1,1
Image985,1,15,136,1,69,56,4,15,1,12
Image986,111,3,129,1,7,20,2,21,1,15
Image987,100,1,48,1,1,45,37,63,1,13
Image988,7,7,6,1,1,73,170,43,1,1
Image989,1,55,188,3,1,15,24,17,1,5
Image990,58,17,24,6,40,54,84,23,1,3
Image991,114,1,56,1,21,50,7,36,1,23
Image992,114,19,54,1,19,33,8,11,1,50
Image993,132,7,46,1,66,27,22,7,1,1
Image994,1,22,79,1,1,8,139,39,1,19
Image995,76,13,114,1,1,19,58,3,1,24
Image996,3,5,95,1,1,35,36,66,1,67
Image997,1,12,169,1,1,57,32,7,1,29
Image998,18,9,79,1,67,76,4,53,1,2
Image999,1,53,32,29,1,36,8,73,1,76
Image1000,28,52,79,24,1,3,38,67,2,16
Image1001,28,2,28,1,42,139,1,67,1,1
Image1002,1,1,40,1,35,55,1,174,1,1
Image1003,23,16,73,1,1,141,3,47,4,1
Image1004,5,24,123,1,8,67,7,65,1,9
Image1005,1,9,156,1,20,8,1,84,1,29
Image1006,1,2,75,1,7,47,1,172,1,3
Image1007,1,6,69,1,93,37,1,98,1,3
Image1008,1,84,20,1,1,2,1,53,1,146
Image1009,1,15,59,5,160,1,1,12,1,55
Image1010,1,9,1,1,1,121,1,106,1,68
Image1011,2,53,51,7,62,43,3,74,1,14
Image1012,1,16,105,78,1,1,34,5,1,68
Image1013,1,20,82,39,10,50,60,26,1,21
Image1014,1,2,115,1,106,25,1,48,1,10
Image1015,3,84,67,66,40,8,8,28,1,5
Image1016,21,8,12,11,1,11,112,59,28,47
Image1017,85,7,75,1,68,19,12,23,1,19
Image1018,2,9,191,1,30,25,5,39,1,7
Image1019,1,1,34,1,54,24,1,181,1,12
Image1020,53,21,33,22,48,1,82,37,1,12
Image1021,1,1,38,1,16,101,1,149,1,1
Image1022,6,3,106,1,104,10,1,77,1,1
Image1023,2,1,60,1,123,79,1,41,1,1
Image1024,6,8,69,1,40,72,1,111,1,1
Image1025,9,16,33,14,1,24,109,81,1,22
Image1026,6,7,153,1,22,51,1,51,1,17
Image1027,66,18,36,27,1,72,46,15,18,11
Image1028,1,78,12,23,9,4,16,29,1,137
Image1029,5,16,53,1,131,50,1,9,1,43
Image1030,9,13,111,1,87,36,9,27,1,16
Image1031,50,16,77,1,42,15,7,100,1,1
Image1032,1,28,132,2,15,30,16,83,1,2
Image1033,8,2,66,1,37,66,1,127,1,1
Image1034,36,14,47,1,1,162,2,37,9,1
Image1035,1,1,67,1,1,187,1,49,1,1
Image1036,81,12,50,82,13,1,21,48,1,1
Image1037,13,18,89,1,26,52,51,48,10,2
Image1038,12,53,20,124,1,1,8,89,1,1
Image1039,40,19,22,97,1,1,96,20,12,2
Image1040,1,5,37,1,136,44,1,69,1,15
Image1041,22,39,27,21,113,9,67,8,1,3
Image1042,1,2,151,1,97,2,8,46,1,1
Image1043,1,4,67,1,60,10,1,164,1,1
Image1044,1,4,87,1,73,52,1,89,1,1
Image1045,1,1,165,1,94,12,16,18,1,1
Image1046,1,7,173,1,42,11,38,35,1,1
Image1047,11,26,7,66,1,15,101,22,1,60
Image1048,1,43,42,8,12,42,85,61,1,15
Image1049,1,4,45,1,118,32,6,101,1,1
Image1050,1,6,1,1,118,62,1,106,1,13
Image1051,1,1,14,1,100,47,1,119,1,25
Image1052,1,39,22,13,1,18,33,108,1,74
Image1053,1,15,61,22,126,1,6,1,1,76
Image1054,1,10,1,1,1,125,1,117,1,52
Image1055,1,15,84,2,89,15,1,100,1,2
Image1056,1,34,22,1,1,18,1,95,1,136
Image1057,14,46,48,2,1,18,1,35,1,144
Image1058,1,69,75,34,2,16,32,9,1,71
Image1059,1,14,173,1,23,34,5,16,1,42
Image1060,2,16,22,1,101,24,1,76,1,66
Image1061,26,12,47,1,3,90,23,57,19,32
Image1062,75,1,5,1,88,63,35,39,1,2
Image1063,1,3,13,1,34,17,115,124,1,1
Image1064,35,11,12,137,1,22,12,64,10,6
Image1065,1,24,22,116,14,57,65,8,1,2
Image1066,2,15,102,1,17,39,52,80,1,1
Image1067,7,11,98,7,4,71,30,73,1,8
Image1068,71,21,33,12,87,16,19,33,17,1
Image1069,8,15,59,1,2,17,131,75,1,1
Image1070,72,1,14,1,7,155,17,41,1,1
Image1071,7,3,2,201,1,14,2,3,1,76
Image1072,9,2,22,1,64,46,22,68,1,75
Image1073,29,17,14,65,20,94,5,11,45,10
Image1074,1,77,10,65,19,48,5,20,1,64
Image1075,52,8,1,22,5,38,87,93,3,1
Image1076,66,2,8,26,1,136,65,4,1,1
Image1077,9,5,1,41,1,1,1,1,154,96
Image1078,9,33,55,6,1,1,1,43,88,73
Image1079,17,27,1,11,1,112,3,39,56,43
Image1080,5,83,13,11,1,117,2,65,1,12
Image1081,47,21,53,6,60,1,65,55,1,1
Image1082,6,8,6,98,1,96,66,18,1,10
Image1083,2,41,73,25,1,52,10,104,1,1
Image1084,97,6,1,60,1,1,5,1,52,86
Image1085,63,7,1,34,1,29,2,45,127,1
Image1086,22,5,1,83,96,7,52,42,1,1
Image1087,17,1,19,18,1,52,154,46,1,1
Image1088,5,13,89,8,31,118,29,15,1,1
Image1089,7,1,51,165,21,19,18,7,1,20
Image1090,13,13,2,109,1,120,12,36,3,1
Image1091,1,24,7,13,2,38,100,123,1,1
Image1092,43,9,1,61,1,23,3,105,62,2
Image1093,3,50,12,126,1,76,23,15,1,3
Image1094,35,3,1,89,1,21,3,54,89,14
Image1095,1,30,41,1,4,97,3,45,1,87
Image1096,23,8,14,203,1,24,4,8,11,14
Image1097,1,3,10,32,1,64,183,14,1,1
Image1098,19,6,1,31,7,90,2,2,149,3
Image1099,29,2,1,85,1,99,6,40,33,14
Image1100,8,2,1,210,1,29,6,50,2,1
Image1101,19,28,1,175,1,6,39,14,1,26
Image1102,1,19,4,1,1,2,1,271,1,9
Image1103,98,1,1,22,113,1,67,2,4,1
Image1104,1,9,182,44,1,1,69,1,1,1
Image1105,52,6,121,4,10,1,56,47,1,12
Image1106,2,50,19,7,1,1,20,70,139,1
Image1107,8,21,90,4,1,1,11,22,134,18
Image1108,37,17,69,41,3,1,65,38,3,36
Image1109,74,5,1,83,2,49,10,6,77,3
Image1110,8,7,1,34,1,25,7,101,125,1
Image1111,52,1,1,175,1,1,42,1,33,3
Image1112,1,1,7,1,117,35,1,145,1,1
Image1113,46,2,57,29,94,4,18,51,8,1
Image1114,22,3,14,1,47,1,19,57,145,1
Image1115,100,2,4,7,91,39,36,29,1,1
Image1116,19,3,1,1,1,1,9,78,196,1
Image1117,21,1,1,136,1,1,1,1,146,1
Image1118,5,4,1,9,1,134,14,1,140,1
Image1119,10,1,1,3,1,21,4,82,178,9
Image1120,4,4,35,10,1,1,2,126,126,1
Image1121,1,8,1,141,1,1,18,137,1,1
Image1122,46,7,79,4,32,6,66,1,3,66
Image1123,4,7,1,2,1,1,1,119,173,1
Image1124,112,14,1,1,1,7,1,149,21,3
Image1125,114,1,1,107,1,1,2,1,81,1
Image1126,16,19,1,1,1,9,3,50,169,41
Image1127,34,1,16,77,1,1,87,1,91,1
Image1128,75,3,2,86,7,37,28,69,2,1
Image1129,39,16,58,35,37,1,77,14,32,1
Image1130,2,8,1,37,1,4,3,95,158,1
Image1131,17,15,1,142,1,126,1,2,1,4
Image1132,9,8,1,14,1,70,20,3,183,1
Image1133,17,6,1,55,1,34,3,48,144,1
Image1134,92,4,4,95,2,34,21,56,1,1
Image1135,1,2,6,1,8,76,10,197,1,8
Image1136,81,2,37,28,35,1,18,2,36,70
Image1137,1,17,23,3,1,129,2,132,1,1
Image1138,1,1,48,1,11,107,1,138,1,1
Image1139,1,1,38,1,53,87,1,126,1,1
Image1140,1,1,29,1,49,145,1,81,1,1
Image1141,1,6,32,1,19,70,1,178,1,1
Image1142,55,5,1,38,1,45,84,58,2,21
Image1143,17,2,12,2,1,46,151,76,2,1
Image1144,4,1,104,1,1,42,141,14,1,1
Image1145,93,6,17,1,31,42,5,66,48,1
Image1146,34,1,18,10,1,68,12,12,153,1
Image1147,8,100,34,10,88,1,63,4,1,1
Image1148,1,4,22,110,112,1,27,31,1,1
Image1149,22,7,27,2,46,23,22,69,79,13
Image1150,6,13,1,34,1,152,3,95,2,3
Image1151,19,36,1,43,1,127,28,38,1,16
Image1152,7,77,15,70,2,60,6,33,1,39
Image1153,12,13,21,72,10,6,1,159,1,15
Image1154,30,18,31,109,18,23,8,60,6,7
Image1155,1,9,56,1,142,10,2,87,1,1
Image1156,1,133,15,6,43,32,29,46,1,4
Image1157,65,11,1,81,1,1,16,119,14,1
Image1158,1,52,7,24,1,149,52,11,1,12
Image1159,10,8,2,5,1,95,107,76,1,5
Image1160,1,9,23,1,78,1,10,113,1,73
Image1161,19,1,1,93,1,15,5,51,70,54
Image1162,3,25,2,7,2,42,94,133,1,1
Image1163,38,4,1,74,1,101,4,76,10,1
Image1164,32,12,1,175,1,40,38,1,9,1
Image1165,22,27,2,78,1,1,60,56,1,62
Image1166,27,38,49,55,1,7,37,57,1,38
Image1167,23,5,1,9,1,32,121,24,1,93
Image1168,1,24,10,67,34,47,7,70,1,49
Image1169,1,60,4,44,39,26,7,93,1,35
Image1170,1,64,1,1,63,59,1,104,1,15
Image1171,1,50,73,12,1,82,60,14,1,16
Image1172,1,37,22,61,1,75,10,101,1,1
Image1173,1,57,50,5,1,42,87,5,1,61
Image1174,1,41,77,33,1,116,20,17,1,3
Image1175,2,12,69,90,1,1,11,122,1,1
Image1176,1,24,22,1,1,115,69,75,1,1
Image1177,84,1,20,67,58,1,10,54,14,1
Image1178,12,4,1,170,1,80,21,1,1,19
Image1179,86,2,1,84,1,11,15,63,13,34
Image1180,20,16,1,165,1,30,24,39,1,13
Image1181,1,9,103,1,48,7,1,130,1,9
Image1182,107,12,17,13,37,1,29,25,43,26
Image1183,100,3,2,65,1,39,7,25,31,37
Image1184,22,32,42,3,6,10,72,91,2,30
Image1185,12,19,1,146,1,87,22,5,1,16
Image1186,1,1,141,1,72,3,1,88,1,1
Image1187,1,6,59,122,15,1,34,70,1,1
Image1188,1,5,2,92,1,20,94,93,1,1
Image1189,1,7,26,104,1,47,91,11,1,21
Image1190,1,12,2,55,1,1,135,96,1,6
Image1191,28,4,5,85,105,11,4,33,3,32
Image1192,1,14,36,122,37,3,39,56,1,1
Image1193,11,12,4,160,50,1,25,42,1,4
Image1194,21,7,68,71,4,4,58,71,1,5
Image1195,24,4,2,114,21,1,69,73,1,1
Image1196,1,3,9,103,1,41,118,1,1,32
Image1197,94,33,1,1,1,26,131,14,1,8
Image1198,17,9,3,35,1,80,137,26,1,1
Image1199,2,10,1,126,1,62,73,28,1,6
Image1200,17,12,21,56,20,110,36,36,1,1
Image1201,1,13,18,22,1,133,112,8,1,1
Image1202,14,9,20,34,3,35,124,27,1,43
Image1203,99,20,29,31,2,37,8,17,64,3
Image1204,1,20,12,3,1,65,4,48,1,155
Image1205,1,34,59,2,14,4,1,118,1,76
Image1206,1,3,211,1,1,82,1,8,1,1
Image1207,1,3,15,1,1,14,198,75,1,1
Image1208,1,30,27,26,1,41,124,10,1,49
Image1209,1,13,7,1,1,36,199,1,1,50
Image1210,59,1,13,40,56,103,31,5,1,1
Image1211,10,5,5,132,75,1,58,22,1,1
Image1212,2,2,50,1,35,15,142,61,1,1
Image1213,1,6,1,40,1,88,96,73,1,3
Image1214,1,13,9,22,15,9,155,84,1,1
Image1215,1,79,49,22,1,80,52,22,3,1
Image1216,18,8,85,4,8,70,43,72,1,1
Image1217,51,18,7,40,2,2,126,27,12,25
Image1218,77,3,2,7,1,3,5,30,181,1
Image1219,3,10,1,132,1,1,1,157,1,3
Image1220,2,79,65,51,2,1,62,41,1,6
Image1221,77,3,5,43,20,79,35,37,10,1
Image1222,13,4,28,3,162,8,44,45,1,2
Image1223,46,43,14,67,18,10,7,67,31,7
Image1224,8,9,95,172,4,1,16,3,1,1
Image1225,4,39,25,12,1,54,68,91,1,15
Image1226,34,3,1,21,1,1,36,6,178,29
Image1227,44,16,2,114,1,1,87,27,1,17
Image1228,54,10,7,11,1,8,33,116,5,65
Image1229,64,6,9,84,1,28,23,1,48,46
Image1230,36,3,8,10,1,40,10,15,143,44
Image1231,55,1,34,69,7,1,124,7,2,10
Image1232,111,9,4,44,1,76,30,33,1,1
Image1233,64,10,4,8,1,104,27,1,90,1
Image1234,82,7,15,1,30,110,14,1,49,1
Image1235,59,5,6,11,1,143,22,24,38,1
Image1236,1,2,1,134,1,160,1,1,1,8
Image1237,1,6,87,1,1,95,1,108,1,9
Image1238,1,28,5,76,1,54,30,7,1,107
Image1239,13,18,1,1,1,143,116,15,1,1
Image1240,16,6,1,120,1,136,1,1,23,5
Image1241,1,1,1,62,1,28,1,3,65,147
Image1242,107,22,23,27,1,39,9,1,18,63
Image1243,81,20,9,16,1,57,2,34,62,28
Image1244,29,6,17,52,1,71,99,22,1,12
Image1245,76,11,1,47,1,80,84,8,1,1
Image1246,1,9,17,18,1,84,168,10,1,1
Image1247,148,16,2,8,1,87,38,6,1,3
Image1248,9,6,32,8,1,76,169,7,1,1
Image1249,55,15,10,22,22,24,43,58,56,5
Image1250,24,36,28,13,1,54,82,62,1,9
Image1251,50,7,33,63,34,34,48,39,1,1
Image1252,27,12,4,120,68,1,33,8,4,33
Image1253,119,7,4,11,48,34,52,33,1,1
Image1254,22,42,58,57,4,46,37,42,1,1
Image1255,139,2,42,1,2,54,11,40,11,8
Image1256,98,10,2,95,1,61,5,2,35,1
Image1257,32,4,31,7,1,106,43,63,22,1
Image1258,51,1,27,1,3,95,36,76,19,1
Image1259,66,1,9,3,45,1,1,69,114,1
Image1260,53,15,15,72,10,33,12,69,28,3
Image1261,44,10,11,51,1,9,3,173,2,6
Image1262,1,13,42,4,22,61,2,146,1,18
Image1263,19,1,35,1,2,78,3,25,116,30
Image1264,134,1,6,1,32,37,1,80,17,1
Image1265,29,1,17,22,19,100,6,77,37,2
Image1266,44,6,11,1,117,95,9,9,1,17
Image1267,24,12,79,2,25,44,1,17,32,74
Image1268,59,4,2,93,3,29,1,70,35,14
Image1269,15,7,8,103,43,116,1,15,1,1
Image1270,1,9,12,51,12,37,1,39,144,4
Image1271,43,6,11,32,1,154,13,26,21,3
Image1272,36,12,40,54,1,34,35,4,45,49
Image1273,18,59,13,79,1,78,25,8,4,25
Image1274,67,23,12,30,2,116,8,39,12,1
Image1275,10,6,6,11,27,74,11,62,99,4
Image1276,31,15,3,43,1,81,59,1,75,1
Image1277,90,7,3,35,39,34,6,8,87,1
Image1278,78,20,25,4,1,56,24,12,76,14
Image1279,22,7,1,42,1,54,47,3,132,1
Image1280,84,8,37,7,7,84,78,2,1,2
Image1281,67,23,2,3,1,4,29,99,81,1
Image1282,40,6,12,6,1,38,34,48,114,11
Image1283,100,23,1,1,1,88,30,13,52,1
Image1284,38,3,16,114,26,8,36,51,1,17
Image1285,104,10,7,77,27,12,20,19,33,1
Image1286,119,3,11,54,6,34,1,4,73,5
Image1287,117,9,14,18,100,1,27,16,7,1
Image1288,44,1,11,1,80,2,1,15,154,1
Image1289,36,5,3,53,5,31,3,99,71,4
Image1290,4,1,40,1,41,1,1,21,199,1
Image1291,5,22,23,58,1,1,12,95,11,82
Image1292,76,6,11,19,1,8,23,11,134,21
Image1293,25,11,12,7,1,26,10,8,209,1
Image1294,17,10,2,128,2,102,3,44,1,1
Image1295,55,4,16,44,2,84,75,28,1,1
Image1296,1,56,63,4,1,57,29,97,1,1
Image1297,33,29,49,9,1,11,38,81,4,55
Image1298,1,13,165,1,1,53,4,70,1,1
Image1299,109,13,34,13,2,44,5,26,63,1
Image1300,68,40,77,24,2,26,3,22,47,1
Image1301,75,21,78,1,1,69,21,28,15,1
Image1302,46,45,2,42,1,15,33,10,16,100
Image1303,1,1,188,1,1,72,7,37,1,1
Image1304,47,23,2,61,1,55,12,30,77,2
Image1305,1,12,85,21,1,28,31,109,1,21
Image1306,9,7,44,82,1,84,48,33,1,1
Image1307,11,22,2,21,1,32,81,137,2,1
Image1308,112,16,6,4,2,50,34,84,1,1
Image1309,12,24,35,211,1,1,18,1,1,6
Image1310,1,13,20,183,1,35,27,21,1,8
Image1311,1,10,1,167,1,60,10,58,1,1
Image1312,15,6,7,182,1,61,10,1,8,19
Image1313,1,16,1,70,1,19,156,16,1,29
Image1314,34,13,54,35,10,72,18,4,8,62
Image1315,1,6,1,112,1,69,3,1,1,115
Image1316,10,2,1,105,1,70,2,20,31,68
Image1317,100,21,34,3,67,10,43,28,1,3
Image1318,1,7,116,1,62,19,30,72,1,1
Image1319,37,1,75,1,102,26,31,35,1,1
Image1320,32,11,1,10,1,77,31,32,114,1
Image1321,3,4,11,8,1,26,2,68,182,5
Image1322,13,1,4,253,1,1,25,1,1,10
Image1323,1,15,64,19,1,69,42,97,1,1
Image1324,63,14,16,1,13,34,1,2,70,96
Image1325,43,5,1,28,1,51,5,1,110,65
Image1326,78,2,1,3,1,80,1,5,90,49
Image1327,10,1,1,11,1,1,1,1,227,56
Image1328,50,31,4,26,61,35,69,24,9,1
Image1329,96,29,17,16,3,89,21,19,2,18
Image1330,37,5,50,4,24,81,15,34,59,1
Image1331,1,15,1,99,1,118,69,4,1,1
Image1332,106,3,1,43,1,10,4,1,7,134
Image1333,13,69,51,19,2,1,109,14,19,13
Image1334,11,8,33,115,1,62,48,23,8,1
Image1335,29,15,2,62,1,114,8,53,18,8
Image1336,122,1,14,6,3,62,44,29,24,5
Image1337,69,12,3,62,1,68,6,72,16,1
Image1338,1,78,27,26,1,1,12,97,46,21
Image1339,58,13,1,5,1,82,12,40,2,96
Image1340,1,10,12,105,1,126,37,16,1,1
Image1341,52,23,1,4,1,137,5,25,54,8
Image1342,5,13,116,1,1,150,1,9,13,1
Image1343,38,16,41,73,19,7,29,10,1,76
Image1344,2,11,47,1,5,59,27,155,1,2
Image1345,3,30,96,1,46,43,2,87,1,1
Image1346,47,17,1,115,1,37,23,64,3,2
Image1347,1,15,39,106,3,2,111,29,1,3
Image1348,37,8,1,79,1,33,31,1,3,116
Image1349,6,2,9,1,96,1,1,1,192,1
Image1350,17,1,87,75,59,1,66,1,2,1
Image1351,165,1,22,7,29,1,5,37,42,1
Image1352,97,5,7,10,65,31,32,61,1,1
Image1353,45,15,41,27,73,10,6,23,69,1
Image1354,12,99,59,28,1,51,32,26,1,1
Image1355,101,1,132,45,1,1,16,5,7,1
Image1356,120,3,4,96,19,1,32,16,18,1
Image1357,1,1,29,1,3,1,1,271,1,1
Image1358,2,32,33,28,8,85,23,97,1,1
Image1359,1,28,71,1,1,115,16,75,1,1
Image1360,2,19,2,27,34,118,33,70,1,4
Image1361,1,15,1,58,71,56,1,63,1,43
Image1362,27,37,20,131,7,1,18,57,7,5
Image1363,68,10,2,46,9,65,1,72,31,6
Image1364,113,1,11,1,15,34,9,25,100,1
Image1365,75,4,3,5,12,62,15,75,57,2
Image1366,20,31,81,16,1,32,21,25,79,4
Image1367,3,35,57,1,1,22,89,58,1,43
Image1368,1,43,122,1,1,43,12,51,1,35
Image1369,96,37,79,11,7,1,32,40,2,5
Image1370,28,11,1,141,1,57,67,1,1,2
Image1371,123,18,5,63,1,79,4,1,7,9
Image1372,71,4,9,110,2,61,29,1,3,20
Image1373,1,8,25,141,1,23,90,7,1,13
Image1374,13,13,65,135,3,56,6,15,2,2
Image1375,1,25,129,9,1,24,67,30,1,23
Image1376,62,12,38,38,3,78,46,6,25,2
Image1377,113,4,15,52,1,27,20,66,11,1
Image1378,79,2,1,5,52,62,1,25,81,2
Image1379,7,141,1,42,20,29,4,54,1,11
Image1380,8,4,11,47,123,6,68,39,1,3
Image1381,103,1,1,5,1,1,6,1,172,19
Image1382,14,21,7,87,1,8,50,120,1,1
Image1383,52,38,39,16,12,1,1,87,59,5
Image1384,7,3,118,1,21,78,1,79,1,1
Image1385,2,7,22,161,15,1,2,98,1,1
Image1386,45,19,41,82,1,5,7,102,7,1
Image1387,22,38,1,114,1,66,15,30,9,14
Image1388,1,21,2,8,1,105,59,109,1,3
Image1389,1,16,87,1,1,83,64,54,1,2
Image1390,3,9,34,110,1,5,10,136,1,1
Image1391,13,5,25,15,1,67,129,27,1,27
Image1392,24,6,1,164,1,39,3,70,1,1
Image1393,1,2,62,1,8,141,5,72,1,17
Image1394,1,35,12,64,1,51,24,120,1,1
Image1395,20,22,46,43,1,65,16,89,7,1
Image1396,1,5,1,158,1,1,139,1,1,2
Image1397,1,81,4,118,1,54,4,25,1,21
Image1398,113,3,1,6,1,1,42,1,53,89
Image1399,75,21,41,55,1,5,10,96,5,1
Image1400,8,7,50,92,1,16,51,77,7,1
Image1401,1,7,1,71,1,75,1,21,131,1
Image1402,2,41,72,44,1,70,40,38,1,1
Image1403,1,61,3,31,1,48,3,160,1,1
Image1404,1,50,68,73,1,16,16,70,1,14
Image1405,10,7,4,167,1,2,18,99,1,1
Image1406,1,46,4,65,1,73,38,55,1,26
Image1407,1,17,1,97,1,30,94,66,1,2
Image1408,7,36,19,81,1,48,52,64,1,1
Image1409,58,18,2,79,1,1,76,32,42,1
Image1410,25,7,26,140,1,28,45,34,2,2
Image1411,54,18,1,201,1,5,9,8,8,5
Image1412,8,26,1,76,1,54,11,83,1,49
Image1413,135,25,27,1,30,38,5,8,1,40
Image1414,52,16,1,49,1,77,21,91,1,1
Image1415,40,1,56,1,41,44,94,31,1,1
Image1416,35,1,84,10,19,14,93,32,1,21
Image1417,29,4,2,1,1,20,173,32,1,47
Image1418,31,1,15,1,1,27,113,41,1,79
Image1419,90,3,30,14,62,7,18,21,25,40
Image1420,1,47,17,58,1,93,20,71,1,1
Image1421,75,1,2,81,99,11,3,30,7,1
Image1422,6,51,117,62,1,3,12,50,1,7
Image1423,1,24,3,114,1,113,37,11,1,5
Image1424,116,22,14,13,1,39,56,9,9,31
Image1425,4,1,1,213,1,39,7,1,1,42
Image1426,61,6,2,1,1,25,137,45,1,31
Image1427,40,15,1,92,1,30,47,30,2,52
Image1428,1,1,144,1,1,126,1,33,1,1
Image1429,53,15,13,2,3,32,44,59,88,1
Image1430,104,22,12,12,2,40,33,32,50,3
Image1431,4,14,2,130,1,33,4,44,1,77
Image1432,1,37,1,93,1,100,15,58,1,3
Image1433,91,23,62,6,1,1,17,84,15,10
Image1434,76,5,3,26,11,89,5,57,35,3
Image1435,98,4,11,2,1,69,11,2,106,6
Image1436,22,11,75,29,77,5,8,81,1,1
Image1437,1,13,1,75,1,107,2,67,1,42
Image1438,23,17,57,20,1,114,61,6,1,10
Image1439,39,41,4,96,37,3,9,67,10,4
Image1440,26,19,48,23,2,125,25,40,1,1
Image1441,1,10,1,197,1,69,5,24,1,1
Image1442,9,17,20,14,1,96,26,105,19,3
Image1443,12,12,37,3,1,26,24,74,91,30
Image1444,36,66,8,50,4,41,42,56,1,6
Image1445,19,8,1,16,1,30,12,62,94,67
Image1446,17,12,3,31,1,32,8,17,134,55
Image1447,36,8,18,7,4,3,30,37,96,71
Image1448,23,20,10,15,1,35,8,91,104,3
Image1449,9,1,1,12,1,1,1,1,175,108
Image1450,10,16,15,122,1,93,29,9,2,13
Image1451,1,6,3,119,1,158,12,8,1,1
Image1452,13,1,19,1,187,37,1,49,1,1
Image1453,88,5,35,1,1,84,63,31,1,1
Image1454,3,2,19,5,14,50,124,91,1,1
Image1455,2,25,147,114,1,1,16,1,2,1
Image1456,31,6,23,91,1,29,47,15,41,26
Image1457,66,12,7,12,8,15,10,44,133,3
Image1458,65,8,2,124,1,8,30,17,1,54
Image1459,30,11,9,61,47,13,50,59,29,1
Image1460,76,1,14,53,64,33,15,42,3,9
Image1461,14,3,1,26,1,2,1,1,188,73
Image1462,95,9,1,71,1,9,19,82,22,1
Image1463,87,2,45,1,47,61,33,30,2,2
Image1464,108,1,1,78,1,1,117,1,1,1
Image1465,29,26,1,174,1,37,33,5,1,3
Image1466,14,44,1,133,1,1,31,79,2,4
Image1467,7,44,24,119,1,61,27,21,1,5
